,Unnamed: 0.4,Unnamed: 0.3,Unnamed: 0.2,Unnamed: 0.1,Unnamed: 0,query,response,model,querywords,responsewords,time,inputdir,datadir
0,0.0,0.0,0.0,0.0,,What are some of the important AI strategies in India and China ,"Based on the context provided, here are some important aspects of AI strategies in India and China:

China's AI Strategy:
- The primary motivation is to enhance China's global competitiveness and national security.
- AI is considered a strategic avenue for achieving these goals.

India's AI Strategy:
- AI is seen as a means to achieve technology leadership for inclusive growth, with the slogan #AIforAll.
- The focus is on using AI to address domestic societal challenges in healthcare, agriculture, education, and more.

While the context does not provide specific strategies or action plans, it is clear that both countries are aiming to use AI to improve their global standing and address internal needs, but with different guiding principles. China is focusing on competitiveness and security, while India is looking at inclusive growth and solving societal issues.",gpt-4-1106-preview,64.0,872.0,14.655977725982666,Policy,Policy/1
1,1.0,1.0,1.0,,, Explain about China's AI policy in detail,"China's AI policy, particularly the ""New Generation of Artificial Intelligence Development Plan"" released in July 2017, is a pivotal element in the country's broader strategy to become a global leader in technology and innovation. This comprehensive policy outlines China's ambition to be at the forefront of AI research and development, as well as application, with significant implications for economic growth, national security, and global competitiveness.

Here are some key aspects of China's AI policy:

1. **Strategic Importance**: China views AI as a critical driver for its future economic transformation and military modernization. The government has identified AI as a strategic technology that can enhance productivity, innovation capacity, and national defense.

2. **Investment and Funding**: The Chinese government has committed to investing substantial resources into AI development. This includes funding for research, development, and deployment of AI technologies across various sectors. For example, Beijing's plan to establish a $2.1 billion AI-centric technology park is a testament to the level of investment being made.

3. **Local and National Initiatives**: The AI policy is not only a national initiative but is also being implemented at the local government level, with various cities across China launching their own AI development projects and promotion efforts.

4. **Comprehensive Approach**: The policy covers a wide range of sectors and aims to integrate AI into industries such as manufacturing, agriculture, and healthcare, among others. This approach indicates that the government seeks to embed AI across the entire economy.

5. **Guiding Principles**: China's AI policy is guided by principles that include innovation, coordination, green development, openness, and sharing responsibilities. These principles suggest a focus on sustainable growth and collaboration within the AI sector.

6. **Implementation Challenges**: Despite the ambitious goals, the policy also faces several challenges. These challenges might include issues such as ethical considerations, data privacy concerns, international collaboration, and possible workforce disruptions due to automation.

7. **Global Implications**: China's AI strategy has significant global implications. As the country advances in AI, it impacts global markets, technological standards, and the international balance of power. China's approach to AI governance and ethical standards will be closely watched by other nations.

8. **Agile Governance**: The policy reflects a need for agile governance that can adapt to the rapidly evolving landscape of AI technology. This suggests that China aims to create a regulatory framework that can quickly respond to new developments in AI.

China's AI policy represents a clear and focused effort to position itself as a dominant force in the field of artificial intelligence. By marshaling resources from both the public and private sectors, China is actively working to overcome any weaknesses and capitalize on its strengths to achieve its strategic objectives in AI.",gpt-4-1106-preview,42.0,3101.0,40.551589488983154,Policy,Policy/1
2,2.0,2.0,,,, What about India's AI policy?,"As of the last update, India does not have a formal national AI policy. However, there is a “National Strategy on AI” which was announced by the NITI Aayog, the government's apex think-tank, in 2018. Prior to this, a report was submitted by the AI Task Force constituted by the Ministry of Commerce and Industry in January 2018. Additionally, the Ministry of Electronics and Information Technology (MeitY) constituted four expert committees in February 2018 to suggest ways to promote AI and to develop a policy framework for India. These committees focused on various areas, including platforms and data for AI, leveraging AI for identifying National Missions in key sectors, and mapping technological capabilities and key policy enablers required.",gpt-4-1106-preview,30.0,749.0,14.03780221939087,Policy,Policy/1
3,3.0,,,,, Explain India's AI Strategy in detail,"India's AI Strategy, as outlined by the NITI Aayog in 2018, is a comprehensive approach to harnessing the capabilities of Artificial Intelligence (AI) for the country's development and positioning India as a significant player in the global AI landscape. Here are the key components of India's AI Strategy:

1. **Leveraging AI for Social Development and Inclusive Growth:**
   - The strategy emphasizes the potential of AI to transform various sectors and improve the quality of life for a broad section of the Indian population.
   - It identifies critical challenges in sectors like agriculture, healthcare, and financial inclusion, where AI can be deployed effectively to create impactful solutions.

2. **Developing India as an ""AI Garage"":**
   - The vision is to establish India as a hub where 40% of the world's AI solutions are developed—making it the ""AI Garage"" for global needs.
   - India aims to be a ""playground"" where enterprises and institutions from around the world can innovate and scale up AI solutions that are relevant not only to India but also to other developing and emerging economies.
   - The ""Solve for India"" approach implies that addressing India's unique challenges with AI solutions would simultaneously address similar issues in other parts of the world, effectively making India a pioneering R&D&I (Research, Development & Innovation) destination for AI.

This strategic framework was a result of earlier initiatives, such as the report by the AI Task Force constituted by the Ministry of Commerce and Industry in January 2018, and the formation of four expert committees by the Ministry of Electronics and Information Technology (MeitY) in February 2018. These committees were tasked with developing a policy framework and suggesting ways to promote AI in India, focusing on:

- Platforms and data for AI
- Leveraging AI for identifying National Missions in key sectors
- Mapping technological capabilities
- Identifying key policy enablers required

While there is no formal national AI policy as of now, the ""National Strategy on AI"" serves as the guiding document for the country's AI initiatives and goals. It aims to harness AI's potential for economic growth, social development, and inclusive progress, and to create an environment conducive to innovation, particularly in AI technology.",gpt-4-1106-preview,38.0,2330.0,37.93577194213867,Policy,Policy/1
4,,,,,, Please provide some comparative insights of AI in China and India in detail,"Certainly, based on the provided context, here are some comparative insights into the AI landscapes of China and India:

1. **Strategic Objectives and Motivations**:

    - China views AI primarily as a strategic tool to enhance its global competitiveness and bolster national security. The focus is on establishing China as a global leader in AI, which aligns with its broader geopolitical ambitions and economic growth strategies.

    - India, in contrast, emphasizes the role of AI in achieving inclusive growth and addressing social challenges. The #AIforAll initiative reflects India's aim to leverage AI for societal benefits, targeting improvements in healthcare, agriculture, education, and other crucial sectors for domestic development.

2. **Readiness and Deployment**:

    - China is ahead of India in terms of readiness to use and deploy AI technologies. This could be attributed to China's significant investments in AI research and development, a robust manufacturing sector that can integrate AI, and a strong government push for AI adoption across different industries.

    - India, while not as advanced as China in AI deployment, is taking steps to catch up by encouraging AI research and fostering partnerships between academia, industry, and the government. However, India faces challenges such as a lack of enabling data ecosystems and inadequate AI expertise.

3. **Challenges and Gaps**:

    - China's AI development may be challenged by global scrutiny regarding ethical standards and the use of AI in surveillance, which could impact international collaboration and trust.

    - India's challenges are more internal, such as the lack of a robust data infrastructure, lower intensity of AI research compared to global standards, and a shortage of skilled AI professionals. Moreover, there are concerns about resource costs, adoption in business processes, and issues related to data privacy and security.

4. **Policy and Ethical Stance**:

    - China's national AI strategy does not seem to focus as prominently on ethical principles and standards in its pursuit of AI excellence. The emphasis is on accelerating AI development to achieve strategic and economic goals.

    - India appears to place a higher priority on the ethical dimensions of AI development. It seems to be actively engaging in the dialogue around ethical principles and standards, which could help in developing AI that is aligned with global norms and values.

In summary, while both countries see AI as a critical component of their future development, their approaches differ significantly. China is aggressively pursuing AI to strengthen its position as a global superpower, whereas India is looking to harness AI for societal benefits and inclusive growth. Both countries, however, must navigate their unique sets of challenges and ensure that the development of AI aligns with both their strategic objectives and ethical considerations.",gpt-4-1106-preview,76.0,2945.0,53.73029589653015,Policy,Policy/1
