,Unnamed: 0.2,Unnamed: 0.1,Unnamed: 0,query,response,model,querywords,responsewords,time,inputdir,datadir
0,0.0,0.0,,"What are the different AI policies/Strategies in India, China and European Union?","India, China, and the European Union each have their own distinct approaches to Artificial Intelligence (AI) policies and strategies, reflecting their unique priorities, aspirations, and societal contexts. Here is a brief overview of each:

**India:**
India has not released an official national AI policy but has a ""National Strategy on AI"" announced by NITI Aayog in 2018. The guiding principle of India's AI strategy is to leverage AI for social and inclusive growth, with the theme of #AIforAll. The strategy outlines objectives to promote economic growth and enhance the quality of life across key sectors, including healthcare, agriculture, education, smart cities and infrastructure, and smart mobility and transportation. Key tasks include promoting AI research, establishing a common data platform, and developing human resources for AI. India also emphasizes the need for responsible AI and active participation in global governance of AI.

**China:**
China's AI policy is outlined in the ""New Generation of Artificial Intelligence Development Plan,"" released in 2017. The plan aims to make China a global leader in AI by 2030 and includes strategic goals with specific timelines. The guiding principles focus on increasing China's global competitiveness and enhancing national security. The plan emphasizes the development of a systematic, market-oriented approach for AI, with goals to achieve breakthroughs in AI theory and applications. Key tasks involve promoting AI research and applications, setting up safety supervision and evaluation systems for AI, and developing laws, regulations, and ethical norms. China also aims to establish standards and an intellectual property system for AI and to actively participate in the development of international standards.

**European Union:**
The EU's approach to AI is encapsulated in the ""Coordinated Plan on Artificial Intelligence 2021 Review."" The plan aims to create EU global leadership in trustworthy AI by accelerating investments and aligning policy priorities and investments. The EU's strategy focuses on building an ecosystem of excellence and trust, nurturing AI talent and skills, developing a policy framework for trustworthy AI systems, and promoting sustainable and ethical AI both within the EU and globally. Sector-specific joint actions are proposed for high-impact areas such as climate and environment, health, robotics, public services, law enforcement, mobility, and agriculture. The EU emphasizes the need for human-centric AI that adheres to EU values and fundamental rights.

Each of these regions' AI strategies reflects their respective economic, social, and geopolitical contexts, with India focusing on inclusive growth, China on global leadership and competitiveness, and the EU on ethical and trustworthy AI development.",gpt-4-1106-preview,81.0,2812.0,65.47135019302368,Policy,Policy/1
1,1.0,,,How will these Policies/Strategies affect each regions Economy in the future?,"I don't have the specific information on how the AI policies and strategies will affect each region's economy in the future. The impact of AI policies and strategies on regional economies can be complex and is influenced by a multitude of factors, including the level of investment, the ability to develop and attract talent, the degree of innovation and research, the existing industrial base, and how effectively AI is integrated into various sectors.

Generally speaking, regions that prioritize AI in their policies and strategies might experience several potential economic effects:

1. Increased Productivity: AI can automate routine tasks, enhance efficiencies, and optimize processes, leading to increased productivity across various industries.

2. Job Creation and Displacement: While AI may displace certain jobs, particularly those involving routine tasks, it can also create new job opportunities, particularly in AI development, data analysis, and other tech-driven fields.

3. Economic Growth: Investment in AI can lead to economic growth by fostering new industries and enhancing the competitiveness of existing sectors.

4. Innovation: AI strategies that include support for research and development can lead to innovations that create new markets and opportunities.

5. Attracting Investment: Regions with clear AI strategies may attract more investment from both domestic and international tech companies looking for a supportive environment.

6. Skills Gap: As AI technologies advance, there may be a growing need for skilled workers, creating a challenge for regions to provide the necessary education and training.

7. Social and Ethical Considerations: The implementation of AI must consider social and ethical implications, and policies should ensure that AI development benefits society as a whole.

8. Global Competitiveness: Regions that effectively implement AI strategies may become more competitive on the global stage, attracting businesses and talent.

The exact outcomes will depend on how each region tailors its AI strategy to its unique economic context, the existing technological infrastructure, the level of public and private sector collaboration, and its approach to addressing the challenges associated with AI adoption.",gpt-4-1106-preview,77.0,2262.0,35.22081637382507,Policy,Policy/1
2,,,," Explain potential economic effects of using AI in India, China and European Union","The potential economic effects of using AI in India, China, and the European Union (EU) are multifaceted and have both positive and negative dimensions. Here's a summary of the potential economic impacts in each region:

**India**:
1. **Job Creation and Displacement**: AI is expected to create new job opportunities in technology sectors, but it may also displace jobs in industries relying on routine tasks. Upskilling and reskilling the workforce is necessary to manage this transition.
2. **Economic Growth**: AI can significantly boost economic growth by improving efficiency, innovation, and productivity across sectors such as healthcare, agriculture, education, and smart cities.
3. **Inclusive Growth**: The Indian government envisions AI as a tool to address social challenges and enable inclusive growth, potentially reducing disparities in access to services like healthcare and education.
4. **AI Garage Concept**: India aims to become an ""AI Garage"" for the world, a hub for developing scalable AI solutions that can be deployed globally, especially in developing and emerging economies.

**China**:
1. **Global Leadership**: China has set clear goals to become a global leader in AI by 2030, investing heavily in research, development, and implementation across various sectors.
2. **Industrial Transformation**: AI is seen as key to transforming China's industrial base, enhancing competitiveness, and shifting from traditional manufacturing to high-tech industries.
3. **Economic Dominance**: AI is expected to contribute to China's economic dominance by fostering innovation, creating high-value products, and improving domestic companies' competitiveness.
4. **Surveillance and Security**: While AI can bolster national security, its deployment in mass surveillance systems raises concerns about privacy and ethics.

**European Union**:
1. **Productivity and Competitiveness**: The EU recognizes AI's ability to enhance productivity and competitiveness in key sectors like healthcare, agri-food, logistics, and manufacturing.
2. **Job Market Polarization**: There is a risk of job market polarization where high-skill jobs increase while low-skill jobs decrease, potentially leading to increased inequality if not managed properly.
3. **Digital Single Market**: The EU's approach to AI involves creating a digital single market, fostering collaboration, and ensuring ethical development and deployment of AI.
4. **Resilience and Autonomy**: AI-powered robotics and automation can contribute to reshoring production, increasing the EU's autonomy in critical supply chains, and improving resilience.

For all three regions, AI is generally seen as a transformative force that can drive future economic growth and competitiveness. However, each region approaches AI with different emphases based on their unique social, economic, and political landscapes. India focuses on AI for social good and inclusive growth, China on global competitiveness and industrial upgrade, and the EU on ethical AI that promotes excellence and trust.",gpt-4-1106-preview,82.0,3046.0,52.579426527023315,Policy,Policy/1
