,query,paper,response
0,Explain the key points of this report in detail.,data_output_reports/data_reports_2,"This report discusses the application of artificial intelligence (AI) in supply chain management. It highlights three main use cases: traditional supply chain optimization, supervised supply chain machine learning, and unsupervised supply chain machine learning.

1. Traditional supply chain optimization: This is the most widely applied use case. It involves making supply chain decisions based on specific rules applied to supply chain data inputs. For example, companies use this approach for strategic supply chain network design decisions. Key areas of focus for this use case include data availability and quality, review and interpretation of results, and IT-related initiatives.

2. Supervised supply chain machine learning: This use case focuses on optimizing demand forecasts and identifying machine breakdowns or returned parts using real-time sensor data. It involves taking thousands of data points into account and learning from historical data to make predictions. Key areas of focus for this use case include data availability and augmentation, in-depth knowledge of advanced approaches like deep learning, and integrating AI results into existing IT and process landscape.

3. Unsupervised supply chain machine learning: This use case is less common but valuable. It involves feeding data into the AI engine without any context and allowing it to discover patterns or similarities among the data points. For example, companies use this approach to uncover previously unknown patterns in customer ordering behavior. Key areas of focus for this use case include data availability and quality, interpretation of results, and building trust in data-driven approaches.

The report emphasizes the importance of data availability, data quality, and data augmentation in all three use cases. It also highlights the need for interpretation of results by supply chain experts to avoid acting on purely random data appearances. Additionally, the report mentions the role of cloud-based computing power in scaling supply chain applications and the importance of defining the right decision rules and objectives for AI-driven models.

Overall, the report suggests that supply chain leaders should carefully select the analytical approach that aligns with their specific problem and invest in key areas to fully realize the potential of AI in supply chain management."
